日期,真实标签,预测概率,收盘
2025-05-12,1,0.4892,6.85
2025-05-13,1,0.488,6.86
2025-05-14,0,0.4872,6.89
2025-05-15,0,0.4856,6.79
2025-05-16,1,0.4847,6.77
2025-05-19,0,0.4848,6.8
2025-05-20,0,0.4846,6.78
2025-05-21,0,0.4846,6.76
2025-05-22,0,0.4849,6.67
2025-05-23,0,0.4846,6.63
2025-05-26,1,0.4849,6.63
2025-05-27,1,0.4852,6.67
2025-05-28,1,0.4845,6.68
2025-05-29,0,0.4836,6.7
2025-05-30,0,0.4816,6.64
2025-06-03,1,0.4804,6.58
2025-06-04,1,0.479,6.62
2025-06-05,0,0.4783,6.64
2025-06-06,1,0.4776,6.6
2025-06-09,0,0.4783,6.62
2025-06-10,0,0.4786,6.6
2025-06-11,0,0.4751,6.57
2025-06-12,0,0.4732,6.51
2025-06-13,1,0.4729,6.44
2025-06-16,0,0.4748,6.57
2025-06-17,0,0.4731,6.53
2025-06-18,0,0.4754,6.44
2025-06-19,0,0.4787,6.32
2025-06-20,0,0.4813,6.29
2025-06-23,1,0.4835,6.29
2025-06-24,1,0.4848,6.35
2025-06-25,0,0.4838,6.43
2025-06-26,0,0.4806,6.39
2025-06-27,1,0.4794,6.39
2025-06-30,0,0.4776,6.42
2025-07-01,1,0.4768,6.35
2025-07-02,0,0.4775,6.5
2025-07-03,0,0.4725,6.46
2025-07-04,1,0.4719,6.44
2025-07-07,1,0.4734,6.52
2025-07-08,0,0.472,6.56
2025-07-09,1,0.472,6.54
2025-07-10,0,0.4737,6.76
2025-07-11,0,0.4649,6.76
2025-07-14,0,0.4644,6.66
2025-07-15,0,0.4687,6.6
2025-07-16,0,0.4726,6.56
2025-07-17,1,0.4777,6.56
2025-07-18,1,0.4819,6.57
2025-07-21,1,0.4847,6.6
2025-07-22,1,0.4851,6.7
2025-07-23,1,0.4804,6.72
2025-07-24,0,0.475,6.81
2025-07-25,1,0.4704,6.78
2025-07-28,1,0.4714,6.79
2025-07-29,0,0.4738,6.81
2025-07-30,0,0.4766,6.7
2025-07-31,0,0.479,6.44
2025-08-01,1,0.4814,6.39
2025-08-04,1,0.485,6.41
2025-08-05,0,0.4879,6.45
2025-08-06,1,0.4894,6.44
2025-08-07,0,0.4904,6.47
2025-08-08,1,0.4894,6.45
2025-08-11,0,0.4885,6.48
2025-08-12,0,0.4857,6.47
2025-08-13,0,0.4838,6.46
2025-08-14,1,0.482,6.43
2025-08-15,0,0.4796,6.53
2025-08-18,1,0.475,6.5
2025-08-19,1,0.4744,6.53
2025-08-20,1,0.4738,6.55
2025-08-21,0,0.4743,6.56
2025-08-22,1,0.4747,6.56
2025-08-25,0,0.4754,7.16
2025-08-26,0,0.4513,6.99
2025-08-27,1,0.453,6.74
2025-08-28,1,0.4635,6.77
2025-08-29,1,0.4737,6.79
2025-09-01,0,0.4811,6.81
2025-09-02,0,0.4872,6.72
2025-09-03,0,0.4897,6.58
2025-09-04,1,0.4915,6.53
2025-09-05,1,0.4925,6.59
2025-09-08,1,0.4927,6.76
2025-09-09,0,0.4893,6.86
2025-09-10,0,0.4856,6.86
2025-09-11,1,0.4852,6.83
2025-09-12,1,0.4853,6.94
2025-09-15,1,0.4807,6.97
2025-09-16,1,0.4812,7.04
2025-09-17,0,0.4815,7.05
2025-09-18,1,0.4834,6.77
2025-09-19,1,0.4864,6.98
2025-09-22,0,0.4864,7.0
2025-09-23,1,0.4868,6.76
2025-09-24,0,0.4894,6.84
2025-09-25,0,0.4902,6.8
2025-09-26,1,0.4912,6.8
2025-09-29,1,0.4914,6.81
2025-09-30,0,0.491,6.89
2025-10-09,0,0.4889,6.79
2025-10-10,0,0.4859,6.75
2025-10-13,0,0.486,6.57
2025-10-14,0,0.4867,6.53
2025-10-15,0,0.4874,6.49
2025-10-16,0,0.4883,6.4
2025-10-17,1,0.4896,6.32
2025-10-20,1,0.4908,6.34
2025-10-21,0,0.4917,6.4
2025-10-22,0,0.4912,6.38
2025-10-23,0,0.4913,6.38
2025-10-24,0,0.4909,6.36
2025-10-27,0,0.49,6.32
2025-10-28,1,0.488,6.27
2025-10-29,0,0.4872,6.31
2025-10-30,0,0.4855,6.27
2025-10-31,1,0.4851,6.27
2025-11-03,0,0.4839,6.3
2025-11-04,0,0.4827,6.23
2025-11-05,0,0.4813,6.22
2025-11-06,0,0.4811,6.18
2025-11-07,1,0.4809,6.18
2025-11-10,1,0.481,6.26
2025-11-11,0,0.4785,6.28
2025-11-12,1,0.4765,6.26
2025-11-13,0,0.4756,6.28
2025-11-14,0,0.4751,6.27
2025-11-17,0,0.4731,6.26
2025-11-18,0,0.4731,6.13
2025-11-19,1,0.4739,6.06
2025-11-20,0,0.4765,6.2
2025-11-21,0,0.4735,6.06
2025-11-24,0,0.476,6.04
2025-11-25,0,0.4788,6.04
2025-11-26,0,0.4809,5.89
2025-11-27,0,0.4813,5.47
2025-11-28,0,0.4813,5.38
2025-12-01,0,0.4826,5.2
2025-12-02,0,0.4856,5.2
2025-12-03,0,0.489,5.01
2025-12-04,0,0.4928,4.97
2025-12-05,0,0.4944,4.95
2025-12-08,0,0.4941,4.91
2025-12-09,1,0.4945,4.77
2025-12-10,0,0.4957,5.25
2025-12-11,0,0.4833,5.07
2025-12-12,0,0.4813,5.02
2025-12-15,1,0.4844,4.87
2025-12-16,0,0.4902,4.97
2025-12-17,0,0.4921,4.96
2025-12-18,1,0.4945,4.87
2025-12-19,1,0.4967,4.9
2025-12-22,0,0.4972,4.93
2025-12-23,0,0.4969,4.79
2025-12-24,1,0.4973,4.76
2025-12-25,0,0.498,4.79
2025-12-26,0,0.4976,4.77
2025-12-29,0,0.4972,4.74
2025-12-30,1,0.4967,4.62
2025-12-31,1,0.4969,4.65
2026-01-05,1,0.4963,4.75
2026-01-06,0,0.4931,4.83
2026-01-07,1,0.4884,4.73
2026-01-08,1,0.4884,4.9
2026-01-09,0,0.4826,4.96
2026-01-12,0,0.4789,4.88
2026-01-13,0,0.4806,4.83
2026-01-14,1,0.4835,4.69
2026-01-15,0,0.4856,4.85
2026-01-16,0,0.4837,4.73
2026-01-19,1,0.4865,4.73
2026-01-20,1,0.4888,4.79
2026-01-21,0,0.4888,5.01
2026-01-22,0,0.4794,4.95
2026-01-23,0,0.4783,4.95
2026-01-26,0,0.4787,4.82
2026-01-27,1,0.482,4.75
2026-01-28,1,0.4862,4.86
2026-01-29,0,0.4869,5.13
2026-01-30,0,0.4774,4.88
2026-02-02,1,0.4802,4.68
2026-02-03,1,0.4858,4.7
2026-02-04,0,0.4892,4.9
2026-02-05,0,0.4885,4.88
2026-02-06,1,0.4902,4.81
2026-02-09,0,0.4919,4.96
2026-02-10,1,0.4897,4.88
2026-02-11,1,0.4905,4.89
2026-02-12,1,0.4912,4.92
2026-02-13,0,0.489,4.97
2026-02-24,1,0.4872,4.92
2026-02-25,0,0.488,5.0
2026-02-26,1,0.4862,4.82
2026-02-27,0,0.4877,4.84
2026-03-02,0,0.4901,4.75
2026-03-03,0,0.4922,4.67
2026-03-04,1,0.4935,4.62
2026-03-05,1,0.4947,4.69
2026-03-06,0,0.4946,4.72
2026-03-09,1,0.494,4.65
2026-03-10,0,0.4939,4.67
2026-03-11,0,0.4933,4.67
2026-03-12,1,0.4921,4.65
2026-03-13,0,0.491,4.66
2026-03-16,1,0.4882,4.66
2026-03-17,0,0.486,4.7
2026-03-18,0,0.4812,4.63
2026-03-19,0,0.4812,4.5
2026-03-20,0,0.483,4.34
2026-03-23,1,0.4852,4.02
2026-03-24,1,0.4896,4.09
2026-03-25,0,0.4919,4.12
2026-03-26,1,0.4935,4.04
2026-03-27,0,0.4953,4.06
2026-03-30,0,0.4958,4.01
2026-03-31,1,0.4957,3.99
2026-04-01,0,0.4948,4.04
2026-04-02,0,0.4929,3.92
2026-04-03,0,0.4927,3.82
2026-04-07,1,0.4935,3.81
2026-04-08,0,0.494,3.95
2026-04-09,1,0.4916,3.87
2026-04-10,1,0.4919,3.89
2026-04-13,1,0.4918,3.91
2026-04-14,0,0.4911,4.02
2026-04-15,0,0.4849,3.97
2026-04-16,0,0.4847,3.96
2026-04-17,0,0.4868,3.96
2026-04-20,0,0.4877,3.93
2026-04-21,0,0.4893,3.9
2026-04-22,0,0.4904,3.88
2026-04-23,0,0.4908,3.81
2026-04-24,0,0.4906,3.75
2026-04-27,1,0.4909,3.73
2026-04-28,1,0.4909,3.75
2026-04-29,1,0.4903,3.87
2026-04-30,1,0.4858,3.91
2026-05-06,0,0.4806,4.01
2026-05-07,1,0.4748,3.98
2026-05-08,1,0.4751,4.0
2026-05-11,1,0.4763,4.09
2026-05-12,0,0.4747,4.1
2026-05-13,0,0.4747,3.99
2026-05-14,0,0.4789,3.87
2026-05-15,0,0.4838,3.78
2026-05-18,1,0.4876,3.68
2026-05-19,0,0.4903,3.71
2026-05-20,0,0.4915,3.6
2026-05-21,0,0.4929,3.47
2026-05-22,1,0.4943,3.46
2026-05-25,0,0.4948,3.49
2026-05-26,0,0.4944,3.39
2026-05-27,0,0.495,3.33
2026-05-28,1,0.4949,3.31
2026-05-29,0,0.4945,3.55
2026-06-01,0,0.4804,3.47
2026-06-02,0,0.4778,3.39
2026-06-03,0,0.4813,3.28
2026-06-04,1,0.4869,3.21
2026-06-05,0,0.4911,3.25
2026-06-08,0,0.4932,3.14
2026-06-09,1,0.4959,3.12
2026-06-10,0,0.497,3.15
2026-06-11,1,0.4968,3.12
2026-06-12,0,0.4967,3.16
2026-06-15,0,0.4955,3.13
2026-06-16,1,0.4949,3.07
2026-06-17,0,0.4951,3.09
2026-06-18,1,0.4937,3.06
2026-06-22,0,0.4933,3.11
2026-06-23,0,0.4918,3.09
2026-06-24,0,0.4914,2.97
2026-06-25,1,0.4931,2.95
2026-06-26,1,0.4939,3.01
2026-06-29,0,0.4925,3.04
2026-06-30,1,0.4915,2.96
2026-07-01,0,0.4927,3.08
2026-07-02,1,0.4905,3.06
2026-07-03,0,0.4901,3.09
2026-07-06,0,0.4894,3.07
2026-07-07,1,0.4898,2.99
2026-07-08,0,0.4905,3.0
2026-07-09,1,0.4909,2.98
2026-07-10,0,0.4914,3.11
2026-07-13,1,0.4866,3.03
2026-07-14,1,0.4863,3.05
2026-07-15,1,0.4869,3.13
2026-07-16,0,0.4853,3.23
2026-07-17,1,0.4816,3.1
2026-07-20,0,0.4836,3.15
2026-07-21,1,0.4842,3.13
2026-07-22,0,0.486,3.19
2026-07-23,0,0.4861,3.17
2026-07-24,1,0.4878,3.07
2026-07-27,1,0.49,3.13
2026-07-28,1,0.4905,3.15
2026-07-29,1,0.4906,3.28
2026-07-30,1,0.4853,3.33
2026-07-31,1,0.4814,3.34
2026-08-03,0,0.4812,3.36
2026-08-04,1,0.4816,3.26
2026-08-05,0,0.4835,3.28
2026-08-06,0,0.4861,3.26
2026-08-07,1,0.4878,3.22
2026-08-10,0,0.4887,3.25
2026-08-11,1,0.4892,3.23
2026-08-12,0,0.4905,3.33
2026-08-13,0,0.4872,3.22
2026-08-14,0,0.4877,3.13
2026-08-17,0,0.4892,3.12
2026-08-18,0,0.491,3.1
2026-08-19,1,0.4926,3.07
2026-08-20,0,0.494,3.14
2026-08-21,0,0.4928,3.08
2026-08-24,1,0.493,3.05
2026-08-25,1,0.4935,3.09
2026-08-26,0,0.4932,3.13
2026-08-27,1,0.4916,3.11
2026-08-28,0,0.4913,3.16
2026-08-31,1,0.4871,3.14
2026-09-01,0,0.4761,3.16
2026-09-02,1,0.477,3.08
2026-09-03,1,0.4821,3.14
2026-09-04,0,0.4841,3.24
2026-09-07,1,0.4834,3.19
2026-09-08,0,0.4865,3.27
2026-09-09,0,0.487,3.19
2026-09-10,0,0.4894,3.16
2026-09-11,0,0.4912,3.06
2026-09-14,0,0.4924,3.05
2026-09-15,1,0.4935,3.02
2026-09-16,0,0.4946,3.03
2026-09-17,1,0.4946,3.02
2026-09-18,1,0.4946,3.32
2026-09-21,1,0.4743,3.65
2026-09-22,1,0.4464,3.81
2026-09-23,0,0.4396,3.92
2026-09-24,0,0.4406,3.76
